{
  "SPX_SPY": {
    "Butterfly": 0.45000000000000007,
    "Iron Condor": 0.6500000000000001,
    "Vertical": 0.5500000000000002,
    "Sonar": 0.6500000000000001
  },
  "QQQ_AAPL_TSLA": {
    "Butterfly": 0.5000000000000001,
    "Iron Condor": 0.6000000000000002,
    "Vertical": 0.6000000000000002,
    "Sonar": 0.6500000000000001
  }
}