{
  "AAPL": {
    "Butterfly": 0.5500000000000002,
    "Iron Condor": 0.5000000000000001,
    "Vertical": 0.5500000000000002,
    "Sonar": 0.5500000000000002
  },
  "NDX": {
    "Butterfly": 0.3500000000000001,
    "Iron Condor": 0.7500000000000002,
    "Vertical": 0.5500000000000002,
    "Sonar": 0.7000000000000002
  },
  "QQQ": {
    "Butterfly": 0.5000000000000001,
    "Iron Condor": 0.7000000000000002,
    "Vertical": 0.6000000000000002,
    "Sonar": 0.7000000000000002
  },
  "RUT": {
    "Butterfly": 0.45000000000000007,
    "Iron Condor": 0.5500000000000002,
    "Vertical": 0.6000000000000002,
    "Sonar": 0.6500000000000001
  },
  "SPX": {
    "Butterfly": 0.45000000000000007,
    "Iron Condor": 0.7500000000000002,
    "Vertical": 0.6500000000000001,
    "Sonar": 0.6500000000000001
  },
  "SPY": {
    "Butterfly": 0.5000000000000001,
    "Iron Condor": 0.7500000000000002,
    "Vertical": 0.6000000000000002,
    "Sonar": 0.6500000000000001
  },
  "TSLA": {
    "Butterfly": 0.5500000000000002,
    "Iron Condor": 0.6500000000000001,
    "Vertical": 0.6000000000000002,
    "Sonar": 0.6500000000000001
  },
  "XSP": {
    "Butterfly": 0.5000000000000001,
    "Iron Condor": 0.7500000000000002,
    "Vertical": 0.6000000000000002,
    "Sonar": 0.6500000000000001
  }
}