{
  "AAPL": {
    "Butterfly": 0.6299445629119873,
    "Iron Condor": 0.883266031742096,
    "Vertical": 0.833784818649292,
    "Sonar": 0.7764237523078918
  },
  "NDX": {
    "Butterfly": 0.3426356017589569,
    "Iron Condor": 0.9169428944587708,
    "Vertical": 0.7875985503196716,
    "Sonar": 0.8005362749099731
  },
  "QQQ": {
    "Butterfly": 0.5596844553947449,
    "Iron Condor": 0.9325270056724548,
    "Vertical": 0.8545940518379211,
    "Sonar": 0.8436949253082275
  },
  "RUT": {
    "Butterfly": 0.5541625022888184,
    "Iron Condor": 0.9131380915641785,
    "Vertical": 0.8213671445846558,
    "Sonar": 0.7965515851974487
  },
  "SPX": {
    "Butterfly": 0.48115405440330505,
    "Iron Condor": 0.9157039523124695,
    "Vertical": 0.816670298576355,
    "Sonar": 0.8073422908782959
  },
  "SPY": {
    "Butterfly": 0.572816789150238,
    "Iron Condor": 0.9396326541900635,
    "Vertical": 0.8627530336380005,
    "Sonar": 0.854701578617096
  },
  "TSLA": {
    "Butterfly": 0.60788893699646,
    "Iron Condor": 0.9641498327255249,
    "Vertical": 0.875665545463562,
    "Sonar": 0.8995906114578247
  },
  "XSP": {
    "Butterfly": 0.550822913646698,
    "Iron Condor": 0.9110926985740662,
    "Vertical": 0.8192523121833801,
    "Sonar": 0.8108150959014893
  }
}